<?xml version="1.0"?>
<ReportData>
	<Status>40</Status>
	<Data_type>A</Data_type>
	<Severity>0</Severity>
	<Project>270</Project>
	<Version>26.0</Version>
	<Area>30001</Area>
	<Shortdescription>Automated Incident Report</Shortdescription>
	<Description>Cannot create file &amp;quot;C:\Users\iband\Desktop\Git\ProjetoAnexo\__recovery\UCadCliente.dfm&amp;quot;. O arquivo já está sendo usado por outro processo.

O computador ficou algumas horas sem ser usado e hibernou depois quando liguei o computador o Embarcadero queria recuperar um formulário de um projeto mas não conseguia porque ele queria recuperar o arquivo de forma isolada, então ele não encontrava as Units e não deixava recuperar o arquivo.
Fechei a janela de recuperação mas ele ficou avisando que não conseguia criar a pasta de recuperação de arquivos</Description>
	<Build>26.0.36039.7899</Build>
	<Steps/>
	<Platform_>430</Platform_>
	<Workaround/>
	<Locale>1046;1046</Locale>
	<Architecture>1</Architecture>
	<OperativeSystem>Windows 10 (Version 10.0, Build 19041, 64-bit Edition)</OperativeSystem>
	<OSMemory>8.289.436 Kb</OSMemory>
	<ProcessMemoryUsage>491.832 Kb</ProcessMemoryUsage>
	<MemoryLargeAddress>true</MemoryLargeAddress>
	<Date>2020-11-15T10:03:28.534Z</Date>
</ReportData>
